id,path,reference,language
harvard_00,harvard_00.flac,The birch canoe slid on the smooth planks.,en
harvard_01,harvard_01.wav,Glue the sheet to the dark blue background.,en
harvard_02,harvard_02.wav,It's easy to tell the depth of a well.,en
harvard_03,harvard_03.flac,These days a chicken leg is a rare dish.,en
harvard_04,harvard_04.wav,Rice is often served in round bowls.,en
harvard_05,harvard_05.wav,The juice of lemons makes fine punch.,en
harvard_06,harvard_06.flac,The box was thrown beside the parked truck.,en
harvard_07,harvard_07.wav,The hogs were fed chopped corn and garbage.,en
harvard_08,harvard_08.wav,Four hours of steady work faced us.,en
harvard_09,harvard_09.flac,Large size in stockings is hard to sell.,en
harvard_10,harvard_10.wav,The boy was there when the sun rose.,en
harvard_11,harvard_11.wav,A rod is used to catch pink salmon.,en
harvard_12,harvard_12.flac,The source of the huge river is the clear spring.,en
harvard_13,harvard_13.wav,Kick the ball straight and follow through.,en
harvard_14,harvard_14.wav,Help the woman get back to her feet.,en
harvard_15,harvard_15.flac,A pot of tea helps to pass the evening.,en
harvard_16,harvard_16.wav,Smoky fires lack flame and heat.,en
harvard_17,harvard_17.wav,The soft cushion broke the man's fall.,en
harvard_18,harvard_18.flac,The salt breeze came across from the sea.,en
harvard_19,harvard_19.wav,The girl at the booth sold fifty bonds.,en
harvard_20,harvard_20.wav,The small pup gnawed a hole in the sock.,en
harvard_21,harvard_21.flac,The fish twisted and turned on the bent hook.,en
harvard_22,harvard_22.wav,Press the pants and sew a button on the vest.,en
harvard_23,harvard_23.wav,The swan dive was far short of perfect.,en
harvard_24,harvard_24.flac,The beauty of the view stunned the young boy.,en
harvard_25,harvard_25.wav,Two blue fish swam in the tank.,en
harvard_26,harvard_26.wav,Her purse was full of useless trash.,en
harvard_27,harvard_27.flac,The colt reared and threw the tall rider.,en
harvard_28,harvard_28.wav,"It snowed, rained, and hailed the same morning.",en
harvard_29,harvard_29.wav,Read verse out loud for pleasure.,en
harvard_30,harvard_30.flac,Hoist the load to your left shoulder.,en
harvard_31,harvard_31.wav,Take the winding path to reach the lake.,en
harvard_32,harvard_32.wav,Note closely the size of the gas tank.,en
harvard_33,harvard_33.flac,Wipe the grease off his dirty face.,en
harvard_34,harvard_34.wav,Mend the coat before you go out.,en
harvard_35,harvard_35.wav,The wrist was badly strained and hung limp.,en
harvard_36,harvard_36.flac,The stray cat gave birth to kittens.,en
harvard_37,harvard_37.wav,The young girl gave no clear response.,en
harvard_38,harvard_38.wav,The meal was cooked before the bell rang.,en
harvard_39,harvard_39.flac,What joy there is in living.,en
